{
  "metrics": {
    "ROUGE": {
      "rouge1": 0.34398968348221726,
      "rouge2": 0.14196598569728472,
      "rougeL": 0.2514750520465885,
      "rougeLsum": 0.31408022646834965
    }
  },
  "avg_generation_time": 2.1130500376224517,
  "total_samples": 200,
  "sample_wise_rouge1": [
    0.37681159420289856,
    0.4230769230769231,
    0.4857142857142857,
    0.3777777777777778,
    0.31818181818181823,
    0.3380281690140845,
    0.3653846153846154,
    0.4556962025316455,
    0.4057971014492754,
    0.3636363636363636,
    0.49230769230769234,
    0.20253164556962025,
    0.3291139240506329,
    0.06666666666666665,
    0.15873015873015872,
    0.18181818181818182,
    0.4054054054054054,
    0.30927835051546393,
    0.4307692307692308,
    0.3333333333333333,
    0.20253164556962022,
    0.32323232323232326,
    0.38961038961038963,
    0.4266666666666667,
    0.2816901408450704,
    0.4791666666666667,
    0.4126984126984126,
    0.1971830985915493,
    0.20512820512820512,
    0.4533333333333334,
    0.5,
    0.17142857142857143,
    0.2647058823529412,
    0.31746031746031744,
    0.5679012345679013,
    0.4888888888888889,
    0.372093023255814,
    0.4466019417475728,
    0.2558139534883721,
    0.2631578947368421,
    0.4745762711864407,
    0.2916666666666667,
    0.32786885245901637,
    0.6046511627906976,
    0.3773584905660377,
    0.273972602739726,
    0.8,
    0.2318840579710145,
    0.2162162162162162,
    0.3287671232876712,
    0.2682926829268293,
    0.34545454545454546,
    0.35135135135135137,
    0.31249999999999994,
    0.21621621621621623,
    0.21951219512195125,
    0.44444444444444453,
    0.4247787610619469,
    0.33333333333333337,
    0.28205128205128205,
    0.4444444444444445,
    0.23684210526315788,
    0.5753424657534246,
    0.3448275862068966,
    0.5,
    0.43076923076923074,
    0.28571428571428575,
    0.45283018867924524,
    0.375,
    0.5205479452054794,
    0.42622950819672134,
    0.5230769230769231,
    0.5249999999999999,
    0.1081081081081081,
    0.4266666666666667,
    0.2456140350877193,
    0.2222222222222222,
    0.29411764705882354,
    0.46511627906976744,
    0.5084745762711864,
    0.2391304347826087,
    0.34374999999999994,
    0.17948717948717952,
    0.4375,
    0.4090909090909091,
    0.30952380952380953,
    0.41304347826086957,
    0.14285714285714285,
    0.32183908045977017,
    0.21818181818181817,
    0.40625000000000006,
    0.46875000000000006,
    0.25,
    0.3116883116883117,
    0.20588235294117646,
    0.4,
    0.5057471264367817,
    0.28205128205128205,
    0.2531645569620253,
    0.4444444444444445,
    0.33333333333333337,
    0.3908045977011494,
    0.23333333333333334,
    0.36170212765957455,
    0.45454545454545453,
    0.19999999999999998,
    0.1333333333333333,
    0.41304347826086957,
    0.14285714285714285,
    0.22727272727272724,
    0.19047619047619047,
    0.40540540540540543,
    0.26865671641791045,
    0.16,
    0.30588235294117644,
    0.379746835443038,
    0.27848101265822783,
    0.5934065934065934,
    0.4225352112676057,
    0.5517241379310346,
    0.5454545454545454,
    0.3287671232876712,
    0.26190476190476186,
    0.20779220779220778,
    0.7654320987654321,
    0.6538461538461537,
    0.2222222222222222,
    0.17821782178217824,
    0.2222222222222222,
    0.17073170731707316,
    0.28205128205128205,
    0.38202247191011235,
    0.18181818181818182,
    0.5106382978723404,
    0.28571428571428575,
    0.3846153846153846,
    0.380952380952381,
    0.2127659574468085,
    0.7733333333333333,
    0.29545454545454547,
    0.4117647058823529,
    0.29333333333333333,
    0.3043478260869565,
    0.25925925925925924,
    0.35000000000000003,
    0.12048192771084336,
    0.2150537634408602,
    0.18666666666666665,
    0.4285714285714286,
    0.19999999999999998,
    0.3561643835616438,
    0.3478260869565218,
    0.3287671232876712,
    0.35135135135135137,
    0.4271844660194175,
    0.208955223880597,
    0.5151515151515151,
    0.43478260869565216,
    0.0,
    0.49350649350649345,
    0.8484848484848485,
    0.2028985507246377,
    0.20930232558139533,
    0.25490196078431376,
    0.31250000000000006,
    0.20689655172413793,
    0.3333333333333333,
    0.26,
    0.5625,
    0.31683168316831684,
    0.15789473684210525,
    0.35714285714285715,
    0.4444444444444445,
    0.1904761904761905,
    0.36893203883495146,
    0.3243243243243243,
    0.47191011235955055,
    0.09523809523809525,
    0.37974683544303794,
    0.5,
    0.56,
    0.3655913978494624,
    0.21621621621621623,
    0.24390243902439027,
    0.15384615384615385,
    0.4470588235294118,
    0.4444444444444444,
    0.27826086956521734,
    0.24590163934426226,
    0.1818181818181818,
    0.3106796116504854,
    0.39999999999999997,
    0.6352941176470589,
    0.3404255319148936,
    0.37209302325581395,
    0.26,
    0.2197802197802198,
    0.23684210526315785,
    0.4897959183673469,
    0.1643835616438356
  ]
}