{
  "metrics": {
    "ROUGE": {
      "rouge1": 0.3285840778792237,
      "rouge2": 0.1341918015134757,
      "rougeL": 0.23816934931015188,
      "rougeLsum": 0.30006316366457997
    }
  },
  "avg_generation_time": 1.476010810136795,
  "total_samples": 200,
  "sample_wise_rouge1": [
    0.4197530864197531,
    0.26,
    0.31578947368421056,
    0.31683168316831684,
    0.40816326530612246,
    0.4,
    0.4848484848484848,
    0.3595505617977528,
    0.2592592592592593,
    0.32727272727272727,
    0.36363636363636365,
    0.2985074626865672,
    0.32352941176470584,
    0.19130434782608693,
    0.18666666666666668,
    0.16666666666666666,
    0.39436619718309857,
    0.35416666666666663,
    0.29850746268656714,
    0.3380281690140845,
    0.2553191489361702,
    0.16666666666666666,
    0.32653061224489793,
    0.3287671232876712,
    0.2894736842105263,
    0.38518518518518513,
    0.4126984126984126,
    0.18749999999999997,
    0.22784810126582278,
    0.18750000000000003,
    0.5918367346938775,
    0.10619469026548672,
    0.24657534246575344,
    0.2716049382716049,
    0.5783132530120482,
    0.23404255319148937,
    0.4175824175824176,
    0.4117647058823529,
    0.2954545454545454,
    0.1492537313432836,
    0.2028985507246377,
    0.07142857142857141,
    0.49275362318840565,
    0.5176470588235293,
    0.40625,
    0.2898550724637681,
    0.8,
    0.18823529411764706,
    0.23529411764705885,
    0.6376811594202899,
    0.04938271604938271,
    0.48484848484848486,
    0.38095238095238093,
    0.2894736842105264,
    0.3793103448275862,
    0.28205128205128205,
    0.45783132530120485,
    0.3269230769230769,
    0.3714285714285714,
    0.28571428571428575,
    0.36363636363636365,
    0.19718309859154928,
    0.3823529411764707,
    0.360655737704918,
    0.3,
    0.44776119402985076,
    0.1791044776119403,
    0.43076923076923074,
    0.3243243243243243,
    0.4411764705882353,
    0.3548387096774194,
    0.36111111111111105,
    0.375,
    0.15584415584415587,
    0.4406779661016949,
    0.2380952380952381,
    0.3466666666666666,
    0.22222222222222224,
    0.35416666666666663,
    0.29411764705882354,
    0.6732673267326733,
    0.425,
    0.27083333333333326,
    0.3225806451612903,
    0.5135135135135135,
    0.2764227642276422,
    0.4367816091954023,
    0.1694915254237288,
    0.4242424242424242,
    0.2413793103448276,
    0.2222222222222222,
    0.28571428571428575,
    0.21333333333333335,
    0.3055555555555556,
    0.1694915254237288,
    0.2857142857142857,
    0.46153846153846156,
    0.3823529411764706,
    0.3333333333333333,
    0.39999999999999997,
    0.1686746987951807,
    0.5909090909090908,
    0.20895522388059704,
    0.17391304347826086,
    0.43478260869565216,
    0.15789473684210525,
    0.25806451612903225,
    0.367816091954023,
    0.23076923076923078,
    0.3939393939393939,
    0.3157894736842105,
    0.35616438356164376,
    0.24242424242424246,
    0.16216216216216214,
    0.16867469879518074,
    0.6557377049180327,
    0.2666666666666667,
    0.43181818181818177,
    0.19672131147540983,
    0.27027027027027023,
    0.24390243902439024,
    0.32941176470588235,
    0.27499999999999997,
    0.2777777777777778,
    0.19753086419753085,
    0.4615384615384615,
    0.2947368421052632,
    0.34,
    0.24999999999999994,
    0.2077922077922078,
    0.20202020202020202,
    0.21978021978021978,
    0.29213483146067415,
    0.4444444444444444,
    0.39344262295081966,
    0.37254901960784315,
    0.505050505050505,
    0.25531914893617025,
    0.7532467532467533,
    0.32323232323232326,
    0.4788732394366197,
    0.2926829268292683,
    0.3846153846153847,
    0.42201834862385323,
    0.5507246376811595,
    0.21875,
    0.24175824175824176,
    0.2051282051282051,
    0.5432098765432098,
    0.15841584158415842,
    0.2950819672131148,
    0.27272727272727276,
    0.3440860215053763,
    0.3287671232876712,
    0.62,
    0.2285714285714286,
    0.5365853658536586,
    0.39436619718309857,
    0.0,
    0.5074626865671641,
    0.6206896551724139,
    0.2857142857142857,
    0.2191780821917808,
    0.2727272727272727,
    0.39583333333333337,
    0.22857142857142856,
    0.3333333333333333,
    0.2616822429906542,
    0.3902439024390244,
    0.35294117647058826,
    0.4225352112676057,
    0.29411764705882354,
    0.3921568627450981,
    0.18666666666666668,
    0.3132530120481928,
    0.47619047619047616,
    0.35051546391752575,
    0.30985915492957744,
    0.45544554455445546,
    0.5783132530120482,
    0.30508474576271183,
    0.2040816326530612,
    0.23728813559322035,
    0.18823529411764706,
    0.28571428571428575,
    0.37037037037037035,
    0.4262295081967213,
    0.22429906542056074,
    0.28865979381443296,
    0.26785714285714285,
    0.2558139534883721,
    0.2950819672131148,
    0.5121951219512196,
    0.33766233766233766,
    0.35114503816793896,
    0.2708333333333333,
    0.2526315789473685,
    0.27272727272727276,
    0.3619047619047619,
    0.1111111111111111
  ]
}